<Layer Type = "ActorFrame"><children>
<Layer File = "slpink.png" Name = "bg" InitCommand="%xero(function(self) self:xywh(scx,scy,sw,sh)  self:diffuse(1,1,1,1) end)"/>
	<Layer Type = "ActorProxy" Name = "PC[1]" />
	<Layer Type = "ActorProxy" Name = "PC[2]" />
	<Layer Type = "ActorProxy" Name = "PJ[1]" />
	<Layer Type = "ActorProxy" Name = "PJ[2]" />
	<Layer Type = "ActorProxy" Name = "PP[1]" />
	<Layer Type = "ActorProxy" Name = "PP[2]" />
	
	<Layer Name="pause" Type="BitmapText" Font="_eurostile outline" Text="" OnCommand="zoom,0.9"/>
	<Layer Name="remember" Type="BitmapText" Font="_wendy white" Text="" OnCommand="zoom,0.3"/>
	
	<Layer Type = "Quad" Name = "black" InitCommand="stretchto,0,0,SCREEN_WIDTH,SCREEN_HEIGHT;diffuse,0,0,0,0"/>
	<Layer Type = "Quad" Name = "white" InitCommand="stretchto,0,0,SCREEN_WIDTH,SCREEN_HEIGHT;diffuse,1,1,1,0"/>
</children></Layer>
